schema_version,run_id,participant_id,method,workload,n,k,pattern,seed,sample,seconds,return_type,return_items,return_shallow_bytes,return_deep_bytes,status,error
1,20261009T155653Z-53581ba9,student-alias,countNucleotides,random_dna,100,3,,258,1,5.91599999211212e-06,dict,4,232,544,ok,
1,20261009T155653Z-53581ba9,student-alias,countNucleotides,random_dna,100,3,,258,2,2.5665999999091582e-05,dict,4,232,544,ok,
1,20261009T155653Z-53581ba9,student-alias,countNucleotides,random_dna,100,3,,258,3,2.249999994319296e-06,dict,4,232,544,ok,
1,20261009T155653Z-53581ba9,student-alias,patternIndex,random_dna,100,3,AAA,258,1,4.145799999832889e-05,list,1,88,116,ok,
1,20261009T155653Z-53581ba9,student-alias,patternIndex,random_dna,100,3,AAA,258,2,1.2375000011388693e-05,list,1,88,116,ok,
1,20261009T155653Z-53581ba9,student-alias,patternIndex,random_dna,100,3,AAA,258,3,1.175000002717752e-05,list,1,88,116,ok,
1,20261009T155653Z-53581ba9,student-alias,patternCount,random_dna,100,3,AAA,258,1,1.4415999999073392e-05,int,1,28,28,ok,
1,20261009T155653Z-53581ba9,student-alias,patternCount,random_dna,100,3,AAA,258,2,9.499999976014806e-06,int,1,28,28,ok,
1,20261009T155653Z-53581ba9,student-alias,patternCount,random_dna,100,3,AAA,258,3,9.250000005067704e-06,int,1,28,28,ok,
1,20261009T155653Z-53581ba9,student-alias,frequentWords,random_dna,100,3,,258,1,0.0009584579999852849,set,1,216,268,ok,
1,20261009T155653Z-53581ba9,student-alias,frequentWords,random_dna,100,3,,258,2,0.004471500000022388,set,1,216,268,ok,
1,20261009T155653Z-53581ba9,student-alias,frequentWords,random_dna,100,3,,258,3,0.0019392089999996642,set,1,216,268,ok,
1,20261009T155653Z-53581ba9,student-alias,countNucleotides,random_dna,300,3,,258,1,7.207999999536696e-06,dict,4,232,544,ok,
1,20261009T155653Z-53581ba9,student-alias,countNucleotides,random_dna,300,3,,258,2,2.833999985796254e-06,dict,4,232,544,ok,
1,20261009T155653Z-53581ba9,student-alias,countNucleotides,random_dna,300,3,,258,3,1.9590000022162712e-06,dict,4,232,544,ok,
1,20261009T155653Z-53581ba9,student-alias,patternIndex,random_dna,300,3,AAA,258,1,3.0542000018840554e-05,list,5,120,260,ok,
1,20261009T155653Z-53581ba9,student-alias,patternIndex,random_dna,300,3,AAA,258,2,0.00021275000000287037,list,5,120,260,ok,
1,20261009T155653Z-53581ba9,student-alias,patternIndex,random_dna,300,3,AAA,258,3,4.637500001081207e-05,list,5,120,260,ok,
1,20261009T155653Z-53581ba9,student-alias,patternCount,random_dna,300,3,AAA,258,1,2.3792000007460956e-05,int,1,28,28,ok,
1,20261009T155653Z-53581ba9,student-alias,patternCount,random_dna,300,3,AAA,258,2,2.2833000002719928e-05,int,1,28,28,ok,
1,20261009T155653Z-53581ba9,student-alias,patternCount,random_dna,300,3,AAA,258,3,2.2416999996721643e-05,int,1,28,28,ok,
1,20261009T155653Z-53581ba9,student-alias,frequentWords,random_dna,300,3,,258,1,0.0136888749999855,set,1,216,268,ok,
1,20261009T155653Z-53581ba9,student-alias,frequentWords,random_dna,300,3,,258,2,0.00993854200001465,set,1,216,268,ok,
1,20261009T155653Z-53581ba9,student-alias,frequentWords,random_dna,300,3,,258,3,0.004955332999998063,set,1,216,268,ok,
1,20261009T155653Z-53581ba9,student-alias,countNucleotides,random_dna,1000,3,,258,1,8.33299998248549e-06,dict,4,232,544,ok,
1,20261009T155653Z-53581ba9,student-alias,countNucleotides,random_dna,1000,3,,258,2,6.500000012010787e-06,dict,4,232,544,ok,
1,20261009T155653Z-53581ba9,student-alias,countNucleotides,random_dna,1000,3,,258,3,5.125000001271474e-06,dict,4,232,544,ok,
1,20261009T155653Z-53581ba9,student-alias,patternIndex,random_dna,1000,3,AAA,258,1,7.595899998591449e-05,list,18,248,752,ok,
1,20261009T155653Z-53581ba9,student-alias,patternIndex,random_dna,1000,3,AAA,258,2,7.52919999911228e-05,list,18,248,752,ok,
1,20261009T155653Z-53581ba9,student-alias,patternIndex,random_dna,1000,3,AAA,258,3,7.504199999175398e-05,list,18,248,752,ok,
1,20261009T155653Z-53581ba9,student-alias,patternCount,random_dna,1000,3,AAA,258,1,6.133300001920361e-05,int,1,28,28,ok,
1,20261009T155653Z-53581ba9,student-alias,patternCount,random_dna,1000,3,AAA,258,2,6.116699998415243e-05,int,1,28,28,ok,
1,20261009T155653Z-53581ba9,student-alias,patternCount,random_dna,1000,3,AAA,258,3,6.129199999804769e-05,int,1,28,28,ok,
1,20261009T155653Z-53581ba9,student-alias,frequentWords,random_dna,1000,3,,258,1,0.057737165999981244,set,1,216,268,ok,
1,20261009T155653Z-53581ba9,student-alias,frequentWords,random_dna,1000,3,,258,2,0.05632262499997864,set,1,216,268,ok,
1,20261009T155653Z-53581ba9,student-alias,frequentWords,random_dna,1000,3,,258,3,0.056594167000014295,set,1,216,268,ok,
1,20261009T155653Z-53581ba9,student-alias,countNucleotides,random_dna,3000,3,,258,1,1.8208000000186075e-05,dict,4,232,544,ok,
1,20261009T155653Z-53581ba9,student-alias,countNucleotides,random_dna,3000,3,,258,2,2.179200001251047e-05,dict,4,232,544,ok,
1,20261009T155653Z-53581ba9,student-alias,countNucleotides,random_dna,3000,3,,258,3,1.729100000602557e-05,dict,4,232,544,ok,
1,20261009T155653Z-53581ba9,student-alias,patternIndex,random_dna,3000,3,AAA,258,1,0.00020070800002258693,list,46,472,1760,ok,
1,20261009T155653Z-53581ba9,student-alias,patternIndex,random_dna,3000,3,AAA,258,2,0.00020816599999307073,list,46,472,1760,ok,
1,20261009T155653Z-53581ba9,student-alias,patternIndex,random_dna,3000,3,AAA,258,3,0.00020616599999812024,list,46,472,1760,ok,
1,20261009T155653Z-53581ba9,student-alias,patternCount,random_dna,3000,3,AAA,258,1,0.0001670839999974305,int,1,28,28,ok,
1,20261009T155653Z-53581ba9,student-alias,patternCount,random_dna,3000,3,AAA,258,2,0.00016470899998921595,int,1,28,28,ok,
1,20261009T155653Z-53581ba9,student-alias,patternCount,random_dna,3000,3,AAA,258,3,0.00016812500001606168,int,1,28,28,ok,
1,20261009T155653Z-53581ba9,student-alias,frequentWords,random_dna,3000,3,,258,1,0.6122943750000047,set,1,216,268,ok,
1,20261009T155653Z-53581ba9,student-alias,frequentWords,random_dna,3000,3,,258,2,0.5174428340000077,set,1,216,268,ok,
1,20261009T155653Z-53581ba9,student-alias,frequentWords,random_dna,3000,3,,258,3,0.5259081250000008,set,1,216,268,ok,
1,20261009T155653Z-53581ba9,student-alias,countNucleotides,random_dna,10000,3,,258,1,6.387499999505053e-05,dict,4,232,544,ok,
1,20261009T155653Z-53581ba9,student-alias,countNucleotides,random_dna,10000,3,,258,2,6.479200001763274e-05,dict,4,232,544,ok,
1,20261009T155653Z-53581ba9,student-alias,countNucleotides,random_dna,10000,3,,258,3,5.629100002124687e-05,dict,4,232,544,ok,
1,20261009T155653Z-53581ba9,student-alias,patternIndex,random_dna,10000,3,AAA,258,1,0.0006907080000075894,list,139,1240,5132,ok,
1,20261009T155653Z-53581ba9,student-alias,patternIndex,random_dna,10000,3,AAA,258,2,0.0007146250000005239,list,139,1240,5132,ok,
1,20261009T155653Z-53581ba9,student-alias,patternIndex,random_dna,10000,3,AAA,258,3,0.000712042000003521,list,139,1240,5132,ok,
1,20261009T155653Z-53581ba9,student-alias,patternCount,random_dna,10000,3,AAA,258,1,0.0005784579999783546,int,1,28,28,ok,
1,20261009T155653Z-53581ba9,student-alias,patternCount,random_dna,10000,3,AAA,258,2,0.0005847500000015771,int,1,28,28,ok,
1,20261009T155653Z-53581ba9,student-alias,patternCount,random_dna,10000,3,AAA,258,3,0.0005942090000132794,int,1,28,28,ok,
1,20261009T155653Z-53581ba9,student-alias,frequentWords,random_dna,10000,3,,258,1,5.878592834000017,set,1,216,268,ok,
1,20261009T155653Z-53581ba9,student-alias,countNucleotides,repeated_a,100,3,,258,1,2.9159999996863917e-06,dict,4,232,484,ok,
1,20261009T155653Z-53581ba9,student-alias,countNucleotides,repeated_a,100,3,,258,2,1.7920000061621977e-06,dict,4,232,484,ok,
1,20261009T155653Z-53581ba9,student-alias,countNucleotides,repeated_a,100,3,,258,3,8.750000120016921e-07,dict,4,232,484,ok,
1,20261009T155653Z-53581ba9,student-alias,patternIndex,repeated_a,100,3,AAA,258,1,9.875000017700586e-06,list,98,920,3660,ok,
1,20261009T155653Z-53581ba9,student-alias,patternIndex,repeated_a,100,3,AAA,258,2,8.415999985800227e-06,list,98,920,3660,ok,
1,20261009T155653Z-53581ba9,student-alias,patternIndex,repeated_a,100,3,AAA,258,3,8.042000018804174e-06,list,98,920,3660,ok,
1,20261009T155653Z-53581ba9,student-alias,patternCount,repeated_a,100,3,AAA,258,1,5.7919999960631685e-06,int,1,28,28,ok,
1,20261009T155653Z-53581ba9,student-alias,patternCount,repeated_a,100,3,AAA,258,2,5.7919999960631685e-06,int,1,28,28,ok,
1,20261009T155653Z-53581ba9,student-alias,patternCount,repeated_a,100,3,AAA,258,3,5.625000000009095e-06,int,1,28,28,ok,
1,20261009T155653Z-53581ba9,student-alias,frequentWords,repeated_a,100,3,,258,1,0.0005434999999920365,set,1,216,268,ok,
1,20261009T155653Z-53581ba9,student-alias,frequentWords,repeated_a,100,3,,258,2,0.0005590000000097461,set,1,216,268,ok,
1,20261009T155653Z-53581ba9,student-alias,frequentWords,repeated_a,100,3,,258,3,0.0005330409999828589,set,1,216,268,ok,
1,20261009T155653Z-53581ba9,student-alias,countNucleotides,repeated_a,300,3,,258,1,9.590000047410285e-07,dict,4,232,484,ok,
1,20261009T155653Z-53581ba9,student-alias,countNucleotides,repeated_a,300,3,,258,2,9.17000022582215e-07,dict,4,232,484,ok,
1,20261009T155653Z-53581ba9,student-alias,countNucleotides,repeated_a,300,3,,258,3,7.49999998106432e-07,dict,4,232,484,ok,
1,20261009T155653Z-53581ba9,student-alias,patternIndex,repeated_a,300,3,AAA,258,1,2.5333000024829744e-05,list,298,2520,10860,ok,
1,20261009T155653Z-53581ba9,student-alias,patternIndex,repeated_a,300,3,AAA,258,2,2.5750000020252628e-05,list,298,2520,10860,ok,
1,20261009T155653Z-53581ba9,student-alias,patternIndex,repeated_a,300,3,AAA,258,3,2.5208000010934484e-05,list,298,2520,10860,ok,
1,20261009T155653Z-53581ba9,student-alias,patternCount,repeated_a,300,3,AAA,258,1,1.8041000004132002e-05,int,1,28,28,ok,
1,20261009T155653Z-53581ba9,student-alias,patternCount,repeated_a,300,3,AAA,258,2,1.8166999979030152e-05,int,1,28,28,ok,
1,20261009T155653Z-53581ba9,student-alias,patternCount,repeated_a,300,3,AAA,258,3,1.8041000004132002e-05,int,1,28,28,ok,
1,20261009T155653Z-53581ba9,student-alias,frequentWords,repeated_a,300,3,,258,1,0.0053598329999999805,set,1,216,268,ok,
1,20261009T155653Z-53581ba9,student-alias,frequentWords,repeated_a,300,3,,258,2,0.005433165999988887,set,1,216,268,ok,
1,20261009T155653Z-53581ba9,student-alias,frequentWords,repeated_a,300,3,,258,3,0.005340250000017477,set,1,216,268,ok,
1,20261009T155653Z-53581ba9,student-alias,countNucleotides,repeated_a,1000,3,,258,1,2.1250000088457455e-06,dict,4,232,484,ok,
1,20261009T155653Z-53581ba9,student-alias,countNucleotides,repeated_a,1000,3,,258,2,1.8749999810552254e-06,dict,4,232,484,ok,
1,20261009T155653Z-53581ba9,student-alias,countNucleotides,repeated_a,1000,3,,258,3,1.5409999889470782e-06,dict,4,232,484,ok,
1,20261009T155653Z-53581ba9,student-alias,patternIndex,repeated_a,1000,3,AAA,258,1,8.587499999634929e-05,list,998,8856,36796,ok,
1,20261009T155653Z-53581ba9,student-alias,patternIndex,repeated_a,1000,3,AAA,258,2,8.729099999982282e-05,list,998,8856,36796,ok,
1,20261009T155653Z-53581ba9,student-alias,patternIndex,repeated_a,1000,3,AAA,258,3,7.945800001607495e-05,list,998,8856,36796,ok,
1,20261009T155653Z-53581ba9,student-alias,patternCount,repeated_a,1000,3,AAA,258,1,6.454100000041763e-05,int,1,28,28,ok,
1,20261009T155653Z-53581ba9,student-alias,patternCount,repeated_a,1000,3,AAA,258,2,6.149999998683597e-05,int,1,28,28,ok,
1,20261009T155653Z-53581ba9,student-alias,patternCount,repeated_a,1000,3,AAA,258,3,6.137500000136242e-05,int,1,28,28,ok,
1,20261009T155653Z-53581ba9,student-alias,frequentWords,repeated_a,1000,3,,258,1,0.06433237499999223,set,1,216,268,ok,
1,20261009T155653Z-53581ba9,student-alias,frequentWords,repeated_a,1000,3,,258,2,0.06507266700000969,set,1,216,268,ok,
1,20261009T155653Z-53581ba9,student-alias,frequentWords,repeated_a,1000,3,,258,3,0.06377491699998927,set,1,216,268,ok,
1,20261009T155653Z-53581ba9,student-alias,countNucleotides,repeated_a,3000,3,,258,1,5.958000002692643e-06,dict,4,232,484,ok,
1,20261009T155653Z-53581ba9,student-alias,countNucleotides,repeated_a,3000,3,,258,2,5.7499999854826456e-06,dict,4,232,484,ok,
1,20261009T155653Z-53581ba9,student-alias,countNucleotides,repeated_a,3000,3,,258,3,4.125000003796231e-06,dict,4,232,484,ok,
1,20261009T155653Z-53581ba9,student-alias,patternIndex,repeated_a,3000,3,AAA,258,1,0.000279333000008819,list,2998,26040,109980,ok,
1,20261009T155653Z-53581ba9,student-alias,patternIndex,repeated_a,3000,3,AAA,258,2,0.00023845900000196707,list,2998,26040,109980,ok,
1,20261009T155653Z-53581ba9,student-alias,patternIndex,repeated_a,3000,3,AAA,258,3,0.00022916599999689424,list,2998,26040,109980,ok,
1,20261009T155653Z-53581ba9,student-alias,patternCount,repeated_a,3000,3,AAA,258,1,0.00018379100001197912,int,1,28,28,ok,
1,20261009T155653Z-53581ba9,student-alias,patternCount,repeated_a,3000,3,AAA,258,2,0.0002090000000123382,int,1,28,28,ok,
1,20261009T155653Z-53581ba9,student-alias,patternCount,repeated_a,3000,3,AAA,258,3,0.00021108299998218172,int,1,28,28,ok,
1,20261009T155653Z-53581ba9,student-alias,frequentWords,repeated_a,3000,3,,258,1,0.6302138750000097,set,1,216,268,ok,
1,20261009T155653Z-53581ba9,student-alias,frequentWords,repeated_a,3000,3,,258,2,0.6135428750000074,set,1,216,268,ok,
1,20261009T155653Z-53581ba9,student-alias,frequentWords,repeated_a,3000,3,,258,3,0.6323280000000011,set,1,216,268,ok,
1,20261009T155653Z-53581ba9,student-alias,countNucleotides,repeated_a,10000,3,,258,1,1.3959000000340893e-05,dict,4,232,484,ok,
1,20261009T155653Z-53581ba9,student-alias,countNucleotides,repeated_a,10000,3,,258,2,1.4124999978548658e-05,dict,4,232,484,ok,
1,20261009T155653Z-53581ba9,student-alias,countNucleotides,repeated_a,10000,3,,258,3,1.087499998675412e-05,dict,4,232,484,ok,
1,20261009T155653Z-53581ba9,student-alias,patternIndex,repeated_a,10000,3,AAA,258,1,0.0008271250000007058,list,9998,85176,365116,ok,
1,20261009T155653Z-53581ba9,student-alias,patternIndex,repeated_a,10000,3,AAA,258,2,0.0008400000000108321,list,9998,85176,365116,ok,
1,20261009T155653Z-53581ba9,student-alias,patternIndex,repeated_a,10000,3,AAA,258,3,0.0008120409999889944,list,9998,85176,365116,ok,
1,20261009T155653Z-53581ba9,student-alias,patternCount,repeated_a,10000,3,AAA,258,1,0.0006990830000006554,int,1,28,28,ok,
1,20261009T155653Z-53581ba9,student-alias,patternCount,repeated_a,10000,3,AAA,258,2,0.0007021250000036616,int,1,28,28,ok,
1,20261009T155653Z-53581ba9,student-alias,patternCount,repeated_a,10000,3,AAA,258,3,0.000701625000004924,int,1,28,28,ok,
1,20261009T155653Z-53581ba9,student-alias,frequentWords,repeated_a,10000,3,,258,1,6.495973249999992,set,1,216,268,ok,
